n,avl_insert_ns,avl_search_ns,bentley_insert_ns,bentley_search_ns,speed_insert_ns,speed_search_ns
100,34500,2700,399300,5800
200,65900,6000,795300,10800
300,98900,9800,1242700,24500
400,145700,12400,1931000,22200
500,181000,16000,1983300,48100
600,218700,22800,2628100,45900
700,260600,22900,2987500,67600
800,308100,33600,3527500,42100
900,353600,31800,3932400,62200
1000,397900,44400,4330200,99100
1100,446300,39400,5158800,113600
1200,483100,46100,6545400,92400
1300,534500,47800,6122600,96900
1400,583700,61400,8171100,144000
1500,691900,56700,7092800,272500
1600,988300,60400,7586400,100300
1700,725700,78700,8237000,145400
1800,757600,69400,8631300,129500
1900,1244200,76400,9134800,211300
2000,954700,81400,10363700,332500
2100,933500,90700,11574200,152900
2200,960200,88700,12148200,164800
2300,1377200,90900,12315500,275600
2400,1063400,100800,14612900,189400
2500,1261800,110800,15621900,240100
2600,1268700,112200,18457800,206400
2700,1208300,112300,14253100,365800
2800,2146900,115700,14211000,320400
2900,1318300,120400,14566200,285600
3000,1383000,144200,15463300,386000
3100,1413900,128500,16356000,276500
3200,1449600,134700,16396900,282000
3300,1539500,153000,17513300,359400
3400,1579600,148900,17141300,306700
3500,1632700,190900,18376200,398100
3600,2089000,159000,18802300,257200
3700,1749200,169800,20501800,479300
3800,1954800,200100,20064300,466000
3900,1846800,173000,20127400,442900
4000,1900100,175900,20208600,360000
4100,2049700,181700,23902300,197200
4200,2009700,258500,24349600,321900
4300,2108100,197200,24877400,434800
4400,2120400,201200,24499500,343100
4500,2197100,201700,25097500,501100
4600,2253700,357100,25575100,602000
4700,2289600,211500,25910200,574500
4800,2558000,221000,26813300,368200
4900,2461900,273500,27501500,484900
5000,2577000,287100,27848300,451900
5100,2528300,230600,27137800,668000
5200,2620200,290900,29388400,431100
5300,2720000,254800,30206700,608500
5400,2848700,301300,33377400,479400
5500,2878700,265200,34820000,785700
5600,2803900,269400,36110100,607200
5700,2874800,261900,31343900,525500
5800,2900500,280800,32594600,677600
5900,3016400,284900,32017300,598000
6000,3077600,300400,34437800,894100
6100,3101600,294400,34163900,860100
6200,3123200,364600,35021000,586500
6300,3413100,318500,36930900,754800
6400,3239400,350800,35799600,476800
6500,3377800,316300,36917300,810100
6600,3404900,315500,38072500,715700
6700,3581300,377100,39628700,785500
6800,3835800,348300,37117600,698500
6900,3753600,386600,38491500,1035800
7000,3631100,365900,41430700,1006300
7100,3800800,361700,40675400,1163400
7200,3702600,347000,39599600,564600
7300,3737200,359000,57075000,1069700
7400,3871600,377300,54577200,873000
7500,3823200,370200,41414300,956800
7600,3929600,381300,59246000,951400
7700,3927400,376900,41331700,728300
7800,4004200,452700,53922700,1342000
7900,4080300,399200,43902000,1116600
8000,4062700,401300,58811000,876100
8100,4253700,633000,54194400,1071400
8200,4236300,437900,50768000,435400
8300,4434200,415900,50337500,812200
8400,4373600,416400,54418500,787600
8500,4528400,431000,52976900,830100
8600,4584800,466000,56095800,2461700
8700,4621000,453700,58668100,3544300
8800,4733600,447800,58038100,746600
8900,4831700,453800,52519100,904500
9000,4763700,490600,59287600,2435100
9100,6113200,470900,52649300,897900
9200,4825200,474900,77219400,1170800
9300,4971300,475800,70284200,811300
9400,4952600,480500,68478300,1656100
9500,5074600,483500,60924100,1107000
9600,5060000,490600,63801400,907200
9700,5171700,502700,57068300,1412600
9800,5219700,560800,76928900,1414600
9900,6821400,522300,68849300,1283500
10000,5418400,506400,60618400,987800
10100,5394200,513000,60583900,1673600
10200,5641500,530900,59280900,1338500
10300,5544000,523300,76398600,1026400
10400,5688200,532600,61769900,816800
10500,5743900,545300,61911100,719100
10600,5671800,575200,66433200,1242200
10700,5748600,558300,61771900,1224800
10800,5827500,573000,70587100,1106800
10900,5926900,583800,78451600,1304900
11000,6162800,564700,77594400,1698700
11100,5919800,584700,64818800,1595400
11200,6172000,617700,84419700,1337800
11300,6113500,593600,87796900,1175200
11400,6358200,603800,66877800,1603000
11500,6235700,607100,66335300,1586800
11600,6273500,645900,68577100,1449100
11700,6694300,702600,68134200,1688300
11800,6462600,615800,80963300,3476000
11900,6561200,640500,90517100,1860900
12000,6647700,653400,68195500,1544100
12100,6641500,651200,71668500,1554900
12200,6676800,655400,83043000,1705300
12300,6725600,671300,75050900,945600
12400,6962800,648800,82243900,1263400
12500,16347800,672100,77617300,1532200
12600,8085500,687000,88874800,1359000
12700,7039000,688300,83131200,1826500
12800,6962400,728700,82042000,980300
12900,7524600,688900,94967500,1422100
13000,9760000,708300,99743800,1977600
13100,7580200,708600,82334400,1761700
13200,7300000,713100,85123900,1523800
13300,7379100,755400,88140700,2284200
13400,7371700,713900,82985300,1535700
13500,7492600,714200,88288900,2062600
13600,12037100,1540500,92873900,1272700
13700,7724200,760300,81393100,1570600
13800,7755100,732300,82567800,1993700
13900,7818500,758300,84446600,3293200
14000,8011200,808300,84127900,1806700
14100,7894500,759300,108913500,2224800
14200,7720400,785600,83882800,2228400
14300,8214000,772800,90875600,2486900
14400,10345800,791900,87384500,3634500
14500,8389100,801200,100891600,1703200
14600,8592800,808500,91114700,1467700
14700,8281300,813100,108508500,2219000
14800,8644100,826200,88737800,1963000
14900,9928700,815700,88800000,3234500
15000,9017800,845000,92626200,1854500
15100,10535600,838500,93267400,2600800
15200,8522400,844300,94089900,1971600
15300,8559600,856300,102079500,2106400
15400,10159600,866700,92270300,1572500
15500,8936500,882500,93367800,4508900
15600,8827800,870000,93760500,2245300
15700,8914300,855200,97377500,2413800
15800,9597000,894700,94649600,2845100
15900,9415800,947300,98492900,2377800
16000,9525200,862400,95250500,1727300
16100,9688800,909800,104364600,2701600
16200,15738300,910300,100009900,3253200
16300,9395700,915300,94506900,2797000
16400,9250300,916300,111883300,908800
16500,9352200,1157100,117487400,1586600
16600,10286500,1005900,116369300,1613400
16700,9779400,913500,112985800,1779100
16800,9833900,932200,111550200,1328700
16900,10986200,960900,127979800,1150100
17000,9765900,969700,107853800,1830600
17100,9945600,1073700,113695200,2219000
17200,16714900,1055400,108968800,1610800
17300,10195900,995000,119161800,2105900
17400,10425400,986700,115196300,2508500
17500,10559100,1020900,116476000,1874800
17600,10189000,1032000,130372400,1929100
17700,10270600,1014900,113647100,1706300
17800,10410100,1225200,120156800,1873400
17900,10091600,1293000,125262800,7158500
18000,10826400,1099200,120438800,1877100
18100,11610700,1034700,120138200,3099100
18200,11834200,1401200,123597000,2267200
18300,10588400,1662800,120924200,3007400
18400,10519100,1041900,117091900,2376400
18500,11132900,1034600,132058200,1742000
18600,10618200,1128000,132435100,1890200
18700,12211800,1076500,123138000,1773200
18800,11494800,1066600,138889600,2439200
18900,10668600,1091900,122344400,2287800
19000,15046000,1094100,132528100,3798800
19100,12445700,1183800,121887600,2480900
19200,11711700,1086800,131278400,1861700
19300,11575200,1119100,127338800,2874500
19400,12587800,2173600,129238000,2712300
19500,11676200,1125000,145952400,2311800
19600,11976900,1127100,164751200,3603700
19700,20069600,1145200,150981800,3156100
19800,12028800,1152300,134564000,2605800
19900,12444300,1284400,127389300,3497900
20000,14064400,1190500,137971400,2263400
20100,24861700,1706900,133573200,2788400
20200,12264300,1178300,135702800,3044300
20300,11953700,1202100,132442000,2835200
20400,12142100,1274700,134486700,3355600
20500,12697700,1170100,145821700,1836200
20600,12861600,1612800,130884800,2651700
20700,12374200,1176400,134880500,2730900
20800,13130900,1208800,134704700,1926900
20900,12144200,2215800,138930200,2715000
21000,13615200,1911600,145296400,2551100
21100,13662900,1854300,141905800,2893100
21200,12146500,1226500,139704600,2431200
21300,13913400,1536100,137387500,2880500
21400,12423800,1421200,139072900,3122400
21500,13972000,1262600,137604700,3849300
21600,13134100,1397700,141387800,2441000
21700,14333100,1253300,156236000,3009300
21800,13173900,1279600,166914900,3938600
21900,12750900,1301800,155249000,3696400
22000,12893400,1282100,148927400,3489400
22100,13252500,1352400,137481600,3526500
22200,14594000,2224500,137626900,3658100
22300,13912400,1378700,171199300,3507100
22400,16017500,1322300,156277400,2853600
22500,13496900,1343300,148262800,4103100
22600,14370700,2189500,160216500,2323600
22700,13265300,1417200,157123400,3046400
22800,13657000,1352300,150851100,2669600
22900,14396700,1404900,173274700,3284100
23000,14412900,1400600,168082800,3624600
23100,14614100,1451600,170626800,3408800
23200,21797700,2962100,161664500,3213800
23300,21152100,1418700,161971200,2831300
23400,13870800,1468500,184408400,3776400
23500,13946400,1419100,155002000,4135700
23600,14286600,1467700,153197100,3026800
23700,18403400,1412800,175103200,3280100
23800,14143500,1447000,170924500,4298900
23900,27179000,1445400,152537700,4201100
24000,14493800,1470100,169392100,3578000
24100,14650600,1592600,168886100,3463000
24200,24486000,1414300,150952800,3367300
24300,14890500,1622800,180234800,4544700
24400,14584200,1505800,158354600,3677800
24500,15932200,1446200,152096400,4430200
24600,16588700,1578700,164004900,2679700
24700,15214200,1459500,172960500,3770600
24800,14700300,1492600,168412800,2992200
24900,16028100,1488700,165217200,2745100
25000,16197200,1498800,178478300,3130400
25100,16645100,1484900,164360900,2714400
25200,15384400,1885900,171876000,3681600
25300,15409500,1684300,169988500,3938500
25400,16608400,1523000,174767300,3598700
25500,16502300,1518500,174151400,4333900
25600,15278500,1934100,171352100,1959600
25700,18055000,1604200,192105200,2927400
25800,26549500,1558200,176356500,3188400
25900,16153400,1624000,191752600,3682700
26000,17712500,1579400,193581400,3177500
26100,15527500,1542600,195598100,8241300
26200,17555800,3294900,180630600,3769000
26300,17507500,1571100,183285300,7049400
26400,15529000,2221100,176534700,3518200
26500,18698500,1577600,182254300,5612600
26600,16156400,1723400,198705000,4944900
26700,16712600,1649700,167948700,3424900
26800,16337800,1613700,192624300,3117700
26900,16518400,1669700,184160300,3332300
27000,16840500,1659600,183303000,4193600
27100,19335900,1613200,185259500,4750100
27200,17809200,3775900,194089300,3034700
27300,16886600,1676000,185550300,3711100
27400,17495900,1655300,179556700,3368300
27500,16718700,1650200,179432200,4529400
27600,16912100,1665200,195511000,4792600
27700,16870700,1711200,209674200,4059000
27800,18084800,1700200,181753500,3823600
27900,16894100,4654300,182064800,6894500
28000,18161700,1724100,186601800,4243700
28100,20972800,1817300,186813000,4486900
28200,17075900,1779000,179030500,3967000
28300,17519600,1726200,183608000,4729400
28400,18766000,1690300,189540700,6640500
28500,20584400,1705700,184177700,4823000
28600,18728100,2085900,183532200,5751300
28700,18601300,1863700,210546500,4811900
28800,17542900,1768900,197216100,6562800
28900,17346900,1888100,194503800,3959800
29000,21347600,3397900,200901200,3348800
29100,31164300,2927100,203498600,4755000
29200,18451800,2207300,197425500,3268700
29300,17551200,1761500,200964800,4615100
29400,18564300,2002600,211465200,4691300
29500,19466600,1824800,207819700,5231900
29600,24432800,1857600,211550500,4539100
29700,24862400,1861700,191736900,3180600
29800,19231400,1973600,213262300,4443800
29900,19987200,1906600,207063000,5105300
30000,19499000,1911800,216401900,4329300
30100,30659800,1945500,199541100,5704200
30200,25934200,5798500,224663600,6213400
30300,20582800,1955000,210138700,5707500
30400,24938700,6378000,213102400,4663000
30500,23993400,3246500,220515200,29068800
30600,19906200,1990600,225099200,6308900
30700,20385600,2117500,209760000,7132100
30800,21644700,1993500,215662600,3886300
30900,22526600,4168800,234127400,10459200
31000,22503700,2142000,246657100,4630700
31100,24410500,2263100,222784500,5965600
31200,20547400,2065200,223092900,5288800
31300,30031800,2029700,214620500,9279200
31400,20901300,2075300,214566500,5143000
31500,21887200,2049800,220920300,5690700
31600,20512800,2059500,232928500,5718300
31700,26387300,2097300,204932900,6585100
31800,20208800,2071100,227738900,13365600
31900,25056000,6024100,209647100,5547400
32000,25423600,2191900,226854300,4475800
32100,21286900,2225400,223020000,5449400
32200,29343900,2183200,247878600,5968600
32300,20633700,2111900,258900600,7977400
32400,27996200,3527100,233848900,6444100
32500,21333900,2114700,243282600,6901800
32600,32167700,2157900,231528200,6518000
32700,20940600,2146300,237492800,7644400
32800,21317400,2138800,238378900,1897500
32900,21838000,2159200,255562400,2354300
33000,21670800,2118300,279928600,4370000
33100,21900000,2230700,263140600,3270800
33200,21183000,2188200,266404600,3918100
33300,22851400,2342200,265366200,3272500
33400,23071300,2201400,269537100,5669800
33500,23240900,2246200,257173000,4913400
33600,24092700,2186800,251032400,3548400
33700,22623400,2255600,262016300,4168500
33800,23390700,2405600,243988700,2634800
33900,22181400,2322200,282719100,4892800
34000,24675800,6941400,259044700,4032100
34100,32192300,2229300,290703800,7404400
34200,22119200,2324500,264235100,5135000
34300,22553800,2287600,273216400,7106800
34400,22670700,2605700,250171200,3757000
34500,34222100,2329000,254762600,4429800
34600,22870500,2398000,270288300,4769900
34700,24966700,2283300,263129600,5350300
34800,25272800,2316900,264229900,6678000
34900,23860600,2370600,285022400,4573400
35000,24423500,2730400,276519000,5190400
35100,24869400,2577800,286890100,4716100
35200,23574500,4329600,279054400,3899200
35300,22201700,2341500,247816700,5052400
35400,24642500,2348100,249634700,4407700
35500,25887500,2382100,260650300,5219700
35600,25244200,2487200,264467800,4245300
35700,23990900,2403300,244524700,5742500
35800,23613600,2398600,253028700,5873400
35900,24107000,2615400,259657200,6539800
36000,23416900,2976100,264437300,5063000
36100,26634400,2487700,254447400,4029300
36200,23402600,2463300,262399400,5530600
36300,26066100,2538400,264492300,6393100
36400,24964400,2477100,256031300,6055500
36500,24873300,2561700,263015400,5495200
36600,24404500,2970500,257931600,7259200
36700,25429200,2658000,264662400,7352500
36800,25693200,2618200,262856500,6451800
36900,24812400,2855000,264189300,3412200
37000,24464300,2937900,267729600,4840900
37100,24888100,2634600,262166100,5324800
37200,26203300,2650300,263774300,4574800
37300,25937100,2517800,264300100,5356000
37400,24797400,2584700,283086000,13062800
37500,28199000,2834700,300842700,6822300
37600,27513700,2593800,304291800,6314000
37700,35492900,5321900,279798900,5155700
37800,27003900,2782100,306827500,6065200
37900,30369800,2745200,300585300,9273000
38000,24088500,2889600,295799900,5312900
38100,32042400,2538300,299640800,6081600
38200,25042300,2468800,306004800,7723700
38300,32086500,2622400,298669100,7460500
38400,24643000,3463000,280147700,4804100
38500,25397300,2632200,302806600,5642200
38600,25084700,3298600,315768100,6603300
38700,26254600,3038200,290386700,7184900
38800,27035200,2997000,314088000,14978200
38900,25713600,3400600,323628100,11657200
39000,25950000,2901600,313206800,5481000
39100,40058600,2894800,299079100,7259600
39200,27650500,2656100,306071500,5223500
39300,25587500,2810400,321853900,5463600
39400,25953400,2591400,299610400,7856700
39500,26093700,2672800,297344500,6195600
39600,26030400,2745500,316721300,6347500
39700,40223200,3386900,306925700,6755000
39800,27105500,2734700,289372500,7836300
39900,27320800,3727600,287367200,8025300
40000,28079200,3991000,317585300,5040500
40100,33292100,3157400,328959800,6491700
40200,26452500,2968000,288243000,5482000
40300,26401000,4410900,309391800,7559600
40400,35213200,2828600,306881200,10585500
40500,27497600,2842500,325432700,6469600
40600,26806700,2779500,313854000,7587100
40700,27790500,2912900,331807400,9136100
40800,26715900,2719600,303970000,6978800
40900,27490600,2871100,285146100,8219300
41000,27786000,2838900,362360100,5484000
41100,37837700,4306300,315168600,5144600
41200,27102200,3040800,308520100,6389200
41300,28519500,8194200,331588400,6746200
41400,38026800,2877900,330212800,6557900
41500,27459600,3134800,305621100,5410800
41600,33373000,2829300,341756400,4726400
41700,37536100,3218400,312376900,9479000
41800,32120000,2978700,306366100,5799900
41900,28360000,2841800,318776700,7526800
42000,30484200,2920500,301187600,5568200
42100,30019600,3107200,302485000,6701300
42200,29026200,5414800,301824700,9096800
42300,27727700,2988800,302782400,8785800
42400,28629300,3025000,295817400,6494400
42500,28953700,3056400,299363400,5667400
42600,28892400,2883900,296203300,7009900
42700,29978900,3068800,303839400,7883100
42800,30437000,3089000,308184800,7007400
42900,39162800,3486300,304559700,8193700
43000,29141600,3224100,306653500,9757400
43100,30419300,3355800,309121500,7657000
43200,31114300,2941200,316450300,5807300
43300,30176900,2995500,307860400,6343100
43400,30478700,3081100,305905900,7369900
43500,29870100,3027700,307669300,8853400
43600,30502300,3184400,306205300,6377300
43700,28928600,3085400,316022900,7696700
43800,29545800,3225700,304922700,7535700
43900,29825900,3177400,317662300,12401100
44000,30838500,3579300,309147700,8559100
44100,31144700,3118900,310292400,6067200
44200,30798800,3193800,319217700,6767000
44300,32803500,3325400,319189700,7318700
44400,30596800,3158000,312154100,8691200
44500,30841600,3486100,309314500,8578400
44600,29963300,3238700,316360700,9639700
44700,30431300,3425200,309733600,8662400
44800,31322700,3078600,310872800,7110300
44900,31043700,3273800,311128000,9261300
45000,31666400,3189900,326521100,9422600
45100,31943800,6540200,323615600,6001600
45200,31900300,3239300,324595800,6070500
45300,30740200,3258000,321596200,8074200
45400,31948400,3266000,323196700,7312100
45500,34683500,3581500,315018400,8682600
45600,33465400,3197400,325512100,6588700
45700,31914000,3397100,324251300,6759600
45800,31273800,3215400,323603400,8228500
45900,31120800,3269600,324272000,8262100
46000,32814800,3450500,325569000,8216400
46100,33524900,3729900,327694100,6229400
46200,33113600,3365800,338306300,8492500
46300,32198300,3456800,323533700,8777100
46400,32133500,3663700,324013300,6924200
46500,31739900,3374000,326461400,8803200
46600,32840900,3321400,327805100,6341100
46700,31233900,3547300,323882400,9929000
46800,32946800,3283500,327062100,8861400
46900,32972800,3283300,328968400,8860600
47000,31957800,3441700,323334600,9928200
47100,33438000,5515700,333311200,12333700
47200,48109400,5793600,358193000,7342900
47300,35726100,3453300,372069700,9491900
47400,31738500,3317300,376185500,8643400
47500,32766500,4278800,367562000,19608100
47600,41865900,3463300,361622600,8907800
47700,37840900,4922300,354928000,7974600
47800,32881100,3333400,353681300,18633700
47900,31554300,3314100,346059700,9574000
48000,32007600,3668900,334196500,7977500
48100,33254100,3339100,379254300,10801300
48200,32879500,3576500,367798700,8902400
48300,33181500,3430700,379204900,16784400
48400,37797900,3468400,346800900,7749600
48500,32617600,3384100,361965100,9949000
48600,45597600,3561300,375537000,13404700
48700,33296400,4140500,380718900,10620900
48800,33555100,10588200,365284300,10945500
48900,33883300,3488000,382193100,19117600
49000,43056300,4047000,404893500,10910600
49100,34715900,3583900,381104000,12033900
49200,33048600,3603000,409014400,11907600
49300,34706800,3495600,389374800,5909600
49400,40948100,4101900,370211100,8321200
49500,34571400,3607700,379148400,8613100
49600,34167800,3788000,382002900,7638700
49700,38307800,3542500,386009800,7623400
49800,35474600,3391400,365924600,6477300
49900,33934500,3756500,390426300,9191500
50000,35707100,3671300,371950900,7151000
50100,47045000,3667000,374026300,9624700
50200,34377700,3743000,370192200,6551900
50300,36527700,4269000,397497000,10810200
50400,33957400,3750500,374592700,7924900
50500,35039300,3698200,377581000,7371500
50600,42437500,3809600,393464000,11148200
50700,34925400,3782400,389628900,7587900
50800,34882500,3588400,387654000,8503500
50900,35343200,10719900,435096300,9046700
51000,38333800,3710300,378839600,9830700
51100,35153500,3680800,389049000,9952000
51200,34784000,7348900,403932000,7550400
51300,45095700,9515200,392561600,15310000
51400,48234100,3979900,396034400,7385800
51500,34257400,3611500,376309200,8966300
51600,35859500,3936400,381647600,7659600
51700,35235000,3644400,411130400,10791400
51800,51240700,3735600,416271500,15300000
51900,44121200,3745500,391861000,11126600
52000,37284800,3905300,395644900,7452900
52100,35714700,5972100,395872700,15139300
52200,39131700,3854400,399718500,10486900
52300,50049600,3796900,391290500,8275600
52400,43821300,11534800,374920400,8869300
52500,36643000,3852600,370563000,8323000
52600,36697400,3954100,382585700,14789800
52700,39182100,7562200,420211500,13597700
52800,38279800,4022200,406016500,8386200
52900,36893800,3918500,400381100,9801800
53000,37141900,4011100,415409000,9639600
53100,43204100,4139600,415729000,17635300
53200,40714300,3843300,432672200,15837700
53300,35821200,3805300,407722700,9951100
53400,46636600,4326000,403770100,8073100
53500,44387600,4360800,410621900,10856600
53600,38491400,4133800,406499000,8159200
53700,45241800,9363800,409962400,9069200
53800,37055200,4778900,408110800,8242100
53900,38311000,4026400,419284500,8755000
54000,39321100,4039500,411682200,10312200
54100,37275600,4160900,406502400,10398300
54200,37760900,4976400,404085800,12058800
54300,50817800,4119500,443779700,9877600
54400,42491500,4105000,417620500,7216500
54500,40101100,4098900,415897100,12080800
54600,39805900,4200700,405090800,8958300
54700,37263500,4213100,410627100,16873700
54800,37297100,3990900,426770000,9878800
54900,38024800,4080100,409236600,11539100
55000,38958400,4172300,443719900,11535900
55100,38465200,4125900,413130100,14977500
55200,54361000,5820500,407082500,11278500
55300,40310300,5018000,454598900,9201500
55400,44867000,4705500,461874300,10439900
55500,42060800,4591800,454417500,12710700
55600,44690500,4548900,449967000,10163700
55700,44874900,4398800,437288800,11854000
55800,41466900,4275200,440744800,15670000
55900,39528900,4282100,412823200,16038800
56000,38490100,4296100,410570200,10399900
56100,44363500,4264400,426220200,10210600
56200,45102600,4156100,428659700,14947500
56300,43309200,4238900,431299300,13824400
56400,54769900,4176000,430239200,10376300
56500,48657400,5323300,424495300,11343300
56600,40334200,4296000,444359000,10804100
56700,38421100,4072600,438751300,15455500
56800,39599000,4881500,412326000,11892200
56900,38999000,4321800,414858100,10174300
57000,40850200,4261300,451901200,11661300
57100,40177200,4437400,436498900,11805200
57200,40742000,4499800,427207100,14360100
57300,45193800,4536200,420862000,15113400
57400,40573300,4517200,443786500,7815500
57500,41585200,4491700,419543300,9401900
57600,41456800,4335400,446625700,6961700
57700,60317200,4436100,423214000,9069000
57800,49193600,4527400,436508000,12308300
57900,47629000,4296800,420090400,10469100
58000,41391400,4377900,474770200,8988300
58100,41429900,4245800,445588200,12075000
58200,40831000,4372600,428607200,13432300
58300,42204900,4423700,451192300,13171100
58400,51509500,4397500,429931800,9477800
58500,51716700,4459100,431635300,7902600
58600,40984500,4307200,473055300,11164400
58700,41811200,4369100,465671800,10502000
58800,41188300,4623000,479228900,12964500
58900,48837900,4407400,433186300,10896700
59000,52970900,4722700,428867500,11586300
59100,42626600,4506900,425538200,12781200
59200,50290000,4368200,461073900,10118500
59300,54071200,6265200,450786500,12662500
59400,41562000,4609300,462064300,8042400
59500,51196400,4627700,455182400,12400600
59600,44997500,4924900,464171200,14723100
59700,50983600,5382700,540195200,13941800
59800,50743100,6700900,498499700,12687300
59900,53848600,4778800,465453500,14215800
60000,43166300,4689100,442855600,11413200
60100,44281300,4688600,468909200,11279100
60200,42920800,5013000,467224200,10835800
60300,52416400,5147500,463493000,12480600
60400,44378500,4634300,467266200,14780800
60500,44195100,4716700,453413500,11812800
60600,42776100,4622300,492212200,12028900
60700,44752600,4552700,451692400,12287700
60800,43426400,4706400,470557600,12979300
60900,43104300,4902900,446627400,13156600
61000,43943200,4683100,473427300,19039500
61100,42106700,4573200,447412800,12733800
61200,41805000,5141800,497697700,12473800
61300,44564700,4521500,449542800,14149100
61400,53615000,4586600,469114300,14166700
61500,42879900,5218500,484556700,10935600
61600,43647900,7711500,461352000,10212100
61700,42358800,4668200,476798400,12562700
61800,60972300,6180400,468158200,13922000
61900,45422900,4842000,475575700,13495100
62000,44252300,4758700,458023100,10055600
62100,57240600,5071500,463754500,11199100
62200,43148600,4982800,466098900,13403300
62300,44597400,4903000,466986400,17783100
62400,52330400,4683600,437265100,11033700
62500,44875400,5486200,463160700,10553200
62600,49678700,5018300,480793400,12074200
62700,47176500,5080100,472859200,13280300
62800,54080600,4828900,446552200,12264800
62900,45642900,4887700,464503800,15511500
63000,55237500,5279100,448424500,16579100
63100,59195600,6219700,457014000,15067200
63200,51967700,4892500,466103100,13303200
63300,45100500,5090600,478151100,15006600
63400,55679300,5313500,504903900,15712700
63500,46944600,4855400,483580800,10592900
63600,46863200,4868900,483167700,11194900
63700,45040600,5140000,495486700,13006500
63800,46265400,5514400,474056400,13194500
63900,45247600,5272900,461336400,14344900
64000,53572100,5011300,477815500,10524400
64100,49138200,5018600,480399400,16266300
64200,49383100,5228100,485754500,15868200
64300,45345200,5377500,490863300,13837900
64400,60989200,5877500,467067300,13161200
64500,59793700,10465600,486581500,16697400
64600,46509900,4925800,454659000,13202400
64700,61605700,7410600,488752600,15846400
64800,58357700,5239000,462663000,12568400
64900,57583700,4885900,520035300,13632400
65000,64961100,12279000,501642100,15538000
65100,54195000,6010900,503503600,13291100
65200,53101500,5235900,468533200,14107500
65300,54177400,5160200,483062000,19984100
65400,56089000,5280900,472617900,22198900
65500,56556700,5591200,487354700,22267200
65600,48915800,4978000,548863600,6381800
65700,49889800,5579400,566634600,11567000
65800,46398300,5572300,533161000,8030500
65900,48930000,5466200,551434200,10007200
66000,52319900,5463100,568872000,9241600
66100,50838200,5426600,549171400,10479600
66200,57116400,5125200,583053700,9604600
66300,46346000,5103200,549416800,12600400
66400,60651500,6741700,565369000,12289600
66500,69699100,30376900,575620000,10330300
66600,49378000,5508800,526726400,7399100
66700,57605800,5358000,551155300,10281900
66800,47888200,5665800,568356500,12563200
66900,46576700,5197900,593677600,11636700
67000,49552400,7375000,531451300,11123900
67100,50083000,5233300,589113900,10531000
67200,54486100,5416400,562861400,8251300
67300,47234100,5356700,568923800,12196900
67400,46290100,5364300,550338100,9867800
67500,53413200,7194000,574706400,13740900
67600,47365700,5776100,564081600,7328400
67700,59882600,6123300,546250400,10076600
67800,49821000,5428800,564398800,11067700
67900,49030800,5505900,555996100,14228800
68000,48990300,5247900,567546100,10126800
68100,51587800,5402000,540932500,9444500
68200,58982700,5345700,527114300,22453300
68300,68784000,8271000,581666400,11559300
68400,63199700,6292000,573403000,11300100
68500,50476400,8635700,569488400,15826500
68600,49632500,5370100,597465600,28085100
68700,50174300,5718200,610333000,10947800
68800,49034400,5397400,565730000,10752900
68900,50694100,5457600,557424500,12124600
69000,54356800,5754200,557302700,13077000
69100,53985900,5686200,607216700,15914200
69200,59665700,5515100,568748000,14246000
69300,57436900,5415900,567009600,13144300
69400,72188300,10162700,537072600,11410400
69500,53527000,5824800,579197200,28143900
69600,48960200,5583600,631648600,13750200
69700,62456500,6110900,564259600,8202800
69800,57267200,6965800,624105600,12090500
69900,53843800,5560100,563021500,10506000
70000,49508100,5450600,593923200,12944500
70100,50151800,7217500,576705600,15130900
70200,56001400,5444200,607078400,12465700
70300,53237400,6328400,560574500,16054500
70400,57098500,6044300,600585500,9345000
70500,60732700,5847500,545987900,12629400
70600,50294000,5810500,606408800,14259200
70700,50926500,5680900,568200200,11311100
70800,52696400,6339900,608882200,14348100
70900,53204200,5689000,606370000,25336300
71000,56747500,5981100,578662400,13840700
71100,63048300,5641500,564097000,15651000
71200,51597700,8225800,582328400,17170100
71300,51608800,5619000,586022300,25417200
71400,61810300,5710200,546748600,13135000
71500,53401800,5778500,606816600,18710600
71600,50752600,5641900,573447100,13613900
71700,50950400,5701600,588446000,12531100
71800,53216500,5819400,599588900,16563900
71900,61944500,12595200,598204600,21370500
72000,59522100,5631800,584563500,11833000
72100,59691500,6342800,584491500,14217000
72200,53606800,5738100,574313000,10775100
72300,51550000,6002200,597984300,24253500
72400,61819600,5673300,562261400,12892900
72500,53958200,6573800,602296500,19750800
72600,61228800,7120400,731731900,17287600
72700,77375500,6944900,679156600,27881700
72800,65391200,6936400,657812300,13345900
72900,66218200,6609000,616522000,18077200
73000,54104700,7067600,623236000,15352900
73100,54493000,6204200,610498800,14496100
73200,53172700,6319300,611600200,17326100
73300,53357800,5630400,601369200,14469100
73400,62781100,8247900,623160300,16456600
73500,54120100,5853000,555526300,15850100
73600,58005400,6343800,581625400,15939000
73700,56652700,5903300,560446300,21741900
73800,56507200,6911600,557926800,9706800
73900,54147400,7456300,584324500,13245900
74000,55065300,6345500,616621500,14185100
74100,53977000,5890900,615000700,13506800
74200,53814000,6119000,600601500,12599700
74300,63934300,6261400,604074300,13719000
74400,59964700,6197700,586871400,18939500
74500,65802100,5887500,610610700,11657500
74600,55278300,6008100,619667200,18818700
74700,58717700,6179700,626037000,14916100
74800,54276900,6008800,595079400,12008800
74900,62794000,6224200,601237700,14892000
75000,54258700,6243500,597138100,16360200
75100,68119700,6004300,633456200,15702500
75200,54261300,6381700,639465500,17926900
75300,56324700,6475600,625489100,13527500
75400,55756400,6986700,624697200,14275100
75500,69054900,6107600,602044500,16683100
75600,68442200,6037300,610877100,15962000
75700,53966300,6293500,630460400,21229300
75800,64129700,9211900,613362000,10896900
75900,63045800,6603100,641546600,14631800
76000,55897300,6198800,709213400,13930900
76100,55811900,6519200,629402600,17247100
76200,59023100,6280900,596680400,15430000
76300,57237600,6480100,584002000,13181400
76400,60073800,6938500,594369500,16411400
76500,57942500,6452000,571271300,14595200
76600,60440300,6682000,589533800,17534700
76700,61776800,7005900,642024900,17708100
76800,55632600,6224300,617935400,10228400
76900,58490500,6082700,640876500,14810700
77000,55325800,6990900,618615200,13581200
77100,55200200,6171000,596399300,17497700
77200,56788400,6431400,625815400,17132500
77300,56175500,6419900,632812900,20259600
77400,55043800,6352700,654784300,15618000
77500,62476200,6047900,617640800,19939300
77600,57417500,8017900,598474200,16481400
77700,56187200,6387700,611586500,15517800
77800,59256500,6894500,631653900,19867300
77900,65638800,6833100,641415900,13146400
78000,56591700,7458500,657068400,14418300
78100,66199100,7831000,605204900,13282400
78200,61175900,6434900,631343400,15845000
78300,57618400,6279400,643495500,16372900
78400,76965600,6970900,644787700,12123500
78500,56786500,15676400,637841100,14585900
78600,74446500,6508600,639549000,13418800
78700,63670500,7144900,615514400,17271500
78800,60705700,6671200,646711100,19512800
78900,55930400,6432200,656450400,15868200
79000,64172800,7264000,655733500,18239100
79100,65517600,6410300,626138300,18950500
79200,57640200,6352500,634870200,19268600
79300,59604200,6566000,627613300,16782200
79400,58258900,8434900,701406000,15990700
79500,65729400,6915800,650430500,16155000
79600,59889200,6391300,630114200,22765500
79700,61386800,6871000,641479600,27025200
79800,73583400,6525100,652799300,23900400
79900,57587800,6527800,654042900,15701600
80000,60387900,7098100,665972000,23721700
80100,61103000,6750700,612870300,17307100
80200,57507300,6496400,632448100,18767000
80300,62100500,6676100,649240000,17408300
80400,86241300,6490800,667168300,15988300
80500,61186500,6789400,673961500,20664800
80600,75602500,6936400,708693700,18995700
80700,59362900,6911700,653485400,20384800
80800,61770300,6547700,671103200,21312900
80900,71893100,9528800,628627300,13452600
81000,60778200,6467500,678041300,16053700
81100,59004500,6669500,655148800,18296800
81200,72770500,6736200,659721500,16734100
81300,58845300,6727500,651457400,18155300
81400,61094400,13272600,683137300,21414300
81500,64739600,6680700,636130300,19869100
81600,66086700,17721800,706200600,17180100
81700,76222300,7443000,619116700,18715500
81800,62323500,7063900,665502700,19563500
81900,72580700,15553300,645146100,36062000
82000,60054400,6832100,692938500,19519100
82100,73239500,9725600,683048400,24744400
82200,68891800,6632200,668341200,12371900
82300,58046500,6748100,673750400,20674100
82400,71718300,6487200,651935500,14000400
82500,63232100,6728000,662559900,13522600
82600,61926400,6886500,709146400,13192700
82700,59821300,6944900,670074700,17538900
82800,69391100,6889600,684106400,17553900
82900,59897100,6757100,640779800,16152200
83000,61747000,6816600,701613000,23536000
83100,59422600,6759800,694049000,19762800
83200,72838200,7076500,691632000,13848300
83300,76353200,7472200,689571900,13861200
83400,62228500,6869200,653053800,15873500
83500,77303700,7065400,658600000,16591700
83600,71583900,7527200,699941300,15069800
83700,62252200,7663300,680340800,19629000
83800,61494800,7270300,701793400,20620800
83900,62312400,7106300,688095700,20118100
84000,74975100,7520000,686377100,11347400
84100,61652300,7594500,661072200,12052400
84200,64290400,7334300,713755900,15116100
84300,63949800,6985100,717642500,19523900
84400,63374500,6991300,693005900,18566200
84500,70143500,7484700,684067700,15739700
84600,68030200,7496400,696816900,18680800
84700,68395900,8628300,670327000,19167900
84800,63271000,7435000,642289700,14924200
84900,66488700,7427600,641215500,16917400
85000,68817500,7452700,633313100,13693300
85100,63512000,7289300,653919100,18151800
85200,63476500,7407700,640400700,17208500
85300,64214000,7207400,646323500,16626100
85400,65685300,7485200,648028500,17271000
85500,64486000,7594500,654803300,22368700
85600,69658800,7325300,642037800,16748700
85700,66430600,7269400,671037500,20462000
85800,64359300,7253300,647121000,22029200
85900,65831000,7370100,650002400,19315400
86000,65058200,7514100,650667500,21775100
86100,63805300,7750500,641285600,14238000
86200,64032600,7045400,648398600,16332900
86300,66373000,7510600,662113200,16407500
86400,66297300,7390000,663229500,13748900
86500,67076400,7966300,652142900,18409300
86600,65794800,7811200,640759600,13825200
86700,71363500,7408000,641077200,17112500
86800,64323700,7409600,641713400,14505700
86900,67714600,7575400,725701200,18794300
87000,65028000,7447200,710889600,20386000
87100,64819500,7497700,683101900,27353200
87200,72872200,7569600,715864100,21147000
87300,69007000,7339800,692195400,13125600
87400,68578900,7305000,687990800,19070700
87500,64876000,8539000,709482100,17970100
87600,69330600,7908500,717442500,19306800
87700,64812400,7521000,707388900,17204900
87800,70824100,7499400,701324700,23402900
87900,73201600,8573900,710829700,20956800
88000,66761800,7445900,712867700,17814500
88100,72182400,9352400,725144100,14386900
88200,67605000,7213100,683187000,16563500
88300,85435900,7389500,718353500,18502100
88400,63047100,13126700,702698900,17699400
88500,73673600,8089500,691697500,21766200
88600,67028400,7571000,714852700,25688500
88700,72727400,7466600,702913100,22268800
88800,69946400,7575900,696283800,20041100
88900,70404600,7374500,702669900,19263900
89000,84101400,8270000,747501500,19743100
89100,88095200,7387400,718894100,17034000
89200,74309700,7507300,717909000,23755100
89300,65895700,8563500,705519300,19703400
89400,66103700,7484200,690712600,21445600
89500,89809100,7678400,728623000,30782400
89600,76436000,7943400,709777300,15603500
89700,73357000,7682300,712219200,20289300
89800,75691400,9049400,690603300,27137000
89900,75844400,8660700,727108900,22084300
90000,69734200,7554300,754664800,21142000
90100,77286700,7551900,694050400,34342000
90200,66716200,8542400,752015500,24088200
90300,70693800,9487300,750922200,18182300
90400,66711800,7734700,728558500,14251400
90500,67040700,7754200,744853200,16592900
90600,68935400,7939200,758546600,18780800
90700,73004500,8012100,739971700,18923900
90800,66838800,7432900,725243600,17721800
90900,69356600,7636300,740812700,23187700
91000,83411800,11883900,720901300,19680900
91100,75795900,8161900,769696800,28663800
91200,67493900,7886100,681426600,17461700
91300,70646500,8322300,722498800,25253000
91400,66446700,7981700,732755800,15960200
91500,70253600,7917600,727720400,31577300
91600,69854400,8016000,787615000,21766400
91700,68229400,7886100,730890800,18992300
91800,76973500,8847400,725599200,24315700
91900,82362800,7807900,709552800,30104800
92000,82994400,11106400,762962700,18326900
92100,67675700,7970000,721460000,26438300
92200,70110900,7949800,737512700,14767100
92300,71712100,8134700,730282800,18495800
92400,72963400,8108400,740697600,20469600
92500,68464400,7985500,737817700,23432400
92600,72943700,8104100,705466800,20099200
92700,71446300,7911600,719393100,18761200
92800,68497400,8058900,723191100,17747400
92900,71895300,9670500,718623900,20173700
93000,79763600,8336600,760860500,19432100
93100,73694600,8650000,739622400,23560000
93200,69088400,8232600,748840100,17507500
93300,76935400,14565300,766170900,21068600
93400,77300900,8156800,731246800,21626000
93500,69789700,8486900,784184900,22547200
93600,89718600,8310600,745072200,21807700
93700,73960600,8510800,768688400,24549100
93800,90546400,8506600,729777800,21221200
93900,72090700,8039000,725886700,25935100
94000,78253800,8272800,783816900,23088900
94100,78633000,8087500,749665300,23224900
94200,71279200,9688600,734693600,27695600
94300,95050400,8621000,769205800,20500300
94400,73804100,8221200,734529900,16366300
94500,86428200,10422500,782731200,20955300
94600,70598200,8601200,771960900,19553500
94700,71032600,8076700,742502500,23182600
94800,72968300,20304600,758289000,17948400
94900,76461200,8012800,759920700,22516400
95000,79233200,8882700,772950200,18769800
95100,85549400,13568700,736423400,25178300
95200,83520600,8291200,776669800,22358600
95300,82590500,8064300,746364700,18671200
95400,77620700,7861300,756423700,20086600
95500,74377300,8411600,769494400,19979700
95600,75397800,8428300,748755000,22065300
95700,74592100,8180400,789062200,28250100
95800,88016500,8352900,750260400,20817100
95900,73314000,8355100,757158200,29345000
96000,72886400,8312900,775066100,17252000
96100,86507400,10825600,762527700,24739500
96200,81494000,10664600,770738600,24483000
96300,71586100,8514200,754387200,20255200
96400,78899600,8307900,757317100,18604500
96500,81736500,9134500,764207600,26471100
96600,74279100,8898000,762222800,24101800
96700,77955100,8542700,781904400,26183000
96800,82295600,8580500,729509400,18207300
96900,83098000,8826800,786665700,19851000
97000,87369500,15398600,800907000,23841400
97100,76429700,8746600,818263400,40184600
97200,84716000,14504000,768118700,25722400
97300,71427200,8976600,780611200,21214200
97400,78952200,8965900,813414500,24110500
97500,76400300,8608000,789395200,24833800
97600,80082200,8423300,817605800,27427800
97700,88299600,8829700,792696700,25480700
97800,73262400,9002100,775765300,18972700
97900,82109800,8729500,765887600,24983800
98000,75774900,11456900,816264400,22943200
98100,72215500,8481600,785830100,26389600
98200,81305800,8656200,799289300,28681600
98300,80290200,8658400,762680900,28851500
98400,82265500,9323000,811857200,20821600
98500,89627400,10657700,817248900,14533100
98600,77141700,8898200,824162300,16595000
98700,75330600,9122600,810098800,17518900
98800,75623400,9079300,785542900,25128100
98900,76039000,8754700,834392800,18044200
99000,72796700,9634200,801523700,19496800
99100,83486200,8967200,796699800,17401200
99200,76077400,8547500,798875000,16691200
99300,80962000,8837500,859400600,18771100
99400,77572100,9089000,815760500,19152100
99500,85926600,9008000,839128600,18476900
99600,78183300,8910300,823023100,22823000
99700,80864700,8581100,852912200,32070500
99800,76658200,8500500,830528300,24941300
99900,102821700,9332100,800570200,18821700
100000,77264200,9135200,808468600,17048500
